ModelID,observed_auc,predicted_auc,residual
ACH-000005,0.4098272102667277,0.5353097364475914,-0.1254825261808637
ACH-000994,0.5556001778337304,0.5481946946560285,0.007405483177701844
ACH-000865,0.4487438144673743,0.5409149500538433,-0.09217113558646894
ACH-000539,0.6786837600853509,0.6457589311992077,0.03292482888614323
ACH-000026,0.4800403698764548,0.47801314172771003,0.0020272281487447863
ACH-000666,0.5903370794363081,0.5035340185117302,0.0868030609245779
ACH-001200,0.8004498348673209,0.6484324721535059,0.15201736271381505
ACH-000207,0.6057256333512596,0.5725006710895767,0.03322496226168292
ACH-000243,0.574965355625897,0.5892109963406548,-0.014245640714757757
ACH-000415,0.4543997197996376,0.5791265627885505,-0.12472684298891284
ACH-000099,0.7933189956379187,0.6494603171155944,0.14385867852232437
ACH-000087,0.3928248563649585,0.48815315527253794,-0.09532829890757943
ACH-000853,0.5884342126958443,0.5710812312305497,0.017352981465294626
ACH-000274,0.9531110743121708,0.5958419370517303,0.3572691372604405
ACH-000942,0.7280139209634041,0.573923423340009,0.1540904976233951
ACH-000704,0.5176068054583177,0.5393950172003937,-0.021788211742076014
ACH-000213,0.2970661157531016,0.5617540884055316,-0.26468797265243005
ACH-000470,0.7159915188025302,0.6389918525313589,0.07699966627117127
ACH-000688,0.912901074682398,0.5634824459046673,0.34941862877773067
ACH-000733,0.4408945021912916,0.5573121109392877,-0.11641760874799606
ACH-000735,0.4290582579139186,0.5260879849381265,-0.09702972702420787
ACH-000052,0.7563514760629089,0.5159162162537992,0.24043525980910962
ACH-000544,0.5468640418025779,0.5830735237849365,-0.03620948198235863
ACH-000551,0.4078950628096768,0.588687280108034,-0.18079221729835715
ACH-000257,0.5584299583319126,0.6508407100148464,-0.09241075168293389
ACH-000613,0.3567089279593093,0.46097070448873795,-0.10426177652942864
ACH-000369,0.8118068088900627,0.6513089220424649,0.1604978868475978
ACH-001211,0.6341775463118499,0.5280992181887474,0.10607832812310247
ACH-000719,0.594328095505364,0.6076410126090457,-0.013312917103681654
ACH-000427,0.6723941779218688,0.6543050004581396,0.01808917746372929
ACH-000237,0.5540670201031687,0.5787613454997693,-0.024694325396600658
ACH-000466,0.6244791052360155,0.6065261253631854,0.017952979872830066
ACH-000682,0.8288901465920702,0.6526440942056239,0.1762460523864463
ACH-000096,0.8779402828283637,0.5861763007450664,0.29176398208329724
ACH-000615,0.6591219445564003,0.6117968696661213,0.04732507489027893
ACH-001745,0.8724319418029337,0.5926065839572912,0.27982535784564255
ACH-000939,0.39687780367138,0.48367794720738055,-0.08680014353600057
ACH-000172,0.3452886085627539,0.6415461842578035,-0.2962575756950496
ACH-000294,0.4592332317182695,0.6009025742574632,-0.14166934253919367
ACH-000597,0.3894172916768047,0.5807504567800144,-0.19133316510320963
ACH-000480,0.8110668861449686,0.6171721110183045,0.1938947751266641
ACH-001099,0.4508133260561515,0.6016103952053322,-0.15079706914918073
ACH-000408,0.7600953956274997,0.6306459790044096,0.12944941662309017
ACH-000395,0.8480200809905621,0.5667922340384377,0.28122784695212444
ACH-000189,0.7112434738707643,0.5635039396134018,0.14773953425736241
ACH-000255,0.3874224860972321,0.4849889676630668,-0.0975664815658347
ACH-001193,0.4953844919757617,0.5487301416801106,-0.05334564970434891
ACH-001129,0.990151007310988,0.6757894107386436,0.3143615965723444
ACH-000508,0.8513196921788859,0.6692764303506307,0.18204326182825525
ACH-000533,0.9546754246599156,0.4875299418009661,0.4671454828589495
ACH-000950,0.607447960252061,0.5340089693540143,0.07343899089804673
ACH-000375,0.35527505897726,0.5503280773598566,-0.19505301838259653
ACH-000192,0.3767660710811849,0.6526340526721445,-0.2758679815909596
ACH-000866,0.3612221548664996,0.6258812870858648,-0.26465913221936516
ACH-000730,0.4964189169264784,0.6276587485251057,-0.13123983159862734
ACH-000504,0.7133999553891602,0.6126709742467744,0.10072898114238582
ACH-000945,0.5842589373371765,0.5473492762199164,0.03690966111726013
ACH-000580,0.3662495787469634,0.5810883900264144,-0.21483881127945104
ACH-000406,0.625712146150167,0.5927442653337477,0.032967880816419326
ACH-000893,0.3993699977617968,0.5927701003580429,-0.19340010259624607
ACH-000353,0.6634649704006654,0.5706643056536099,0.0928006647470555
ACH-000535,0.9743347639837372,0.6379921241392132,0.33634263984452395
ACH-000281,0.63884122392802,0.6174748494071004,0.021366374520919607
ACH-000265,0.564883531836754,0.39840115903817375,0.16648237279858025
ACH-000824,0.3877380448862503,0.4835051510231829,-0.09576710613693262
ACH-000764,0.4569137055562457,0.5435154708516646,-0.08660176529541891
ACH-000959,0.540525777410874,0.6059166215014564,-0.06539084409058238
ACH-000814,0.5757788622251285,0.5482344521411451,0.02754441008398345
ACH-000018,0.588715476413007,0.5640009532920884,0.024714523120918597
ACH-000075,0.4482884623007376,0.5683448995776682,-0.1200564372769306
ACH-000788,0.3685848480309608,0.45129808843586683,-0.08271324040490602
ACH-000062,0.2827423810414576,0.543373359528577,-0.2606309784871194
ACH-000276,0.5463814454091229,0.649509323740284,-0.1031278783311611
ACH-000862,0.3656119782534777,0.6743568942881936,-0.3087449160347159
ACH-000856,0.637929862488562,0.5203190914803468,0.11761077100821515
ACH-000362,0.3000998226502085,0.668905632729001,-0.36880581007879254
ACH-000833,0.5282975795080371,0.5916975899767544,-0.06340001046871724
ACH-000532,0.599356036311624,0.6051908746169165,-0.005834838305292411
ACH-000984,0.4840408030865347,0.5712250008656576,-0.08718419777912295
ACH-001016,0.6860779330595894,0.6380960366838927,0.04798189637569672
ACH-000958,0.6814252960849934,0.5692568246778484,0.11216847140714492
ACH-000302,0.6137107426580535,0.5996322358205022,0.014078506837551297
ACH-000403,0.7097857484126705,0.6007895985382009,0.1089961498744696
ACH-000572,0.7693874338485205,0.6525556875892843,0.1168317462592362
ACH-000715,0.6429736895716587,0.6199201961895338,0.023053493382124923
ACH-000988,0.4150722018196789,0.5231418815883915,-0.10806967976871257
ACH-000852,0.7089091992812487,0.6342374701534094,0.07467172912783937
ACH-001020,0.5695098037824611,0.5023901217490507,0.06711968203341034
ACH-000261,0.4061313063935351,0.6526440939784909,-0.24651278758495576
ACH-000268,0.7414958742368483,0.6734542868974555,0.0680415873393928
ACH-000372,0.2619182238634988,0.528904810119663,-0.26698658625616417
ACH-000643,0.6312528411393514,0.5717374725262232,0.05951536861312823
ACH-000518,0.391307891982202,0.5390614207158899,-0.1477535287336879
ACH-000549,0.9075073143914384,0.5483902062984425,0.3591171080929959
ACH-000553,0.4687085060563516,0.5234652747021555,-0.05475676864580392
ACH-000582,0.4222622984038507,0.6526438146241478,-0.23038151622029707
ACH-000657,0.3513032935554954,0.5184618969905579,-0.1671586034350625
ACH-000008,0.4991804724604042,0.4678963228908667,0.03128414956953751
ACH-000364,0.3672926235492702,0.6267689783353781,-0.2594763547861079
ACH-000065,0.3992936113611065,0.6071425246391039,-0.20784891327799737
ACH-000242,0.5528985058670887,0.6355285914756409,-0.08263008560855223
ACH-000841,0.4031362889277748,0.623068523344183,-0.21993223441640813
ACH-000232,0.524466873801237,0.5656199315235079,-0.04115305772227085
ACH-000469,0.6597954837627473,0.6611366771831866,-0.0013411934204392573
ACH-000757,0.3971502419326118,0.45023606270698446,-0.05308582077437268
ACH-000756,0.6397668446865751,0.5922740200270852,0.047492824659489896
ACH-000023,0.401696917181727,0.455983063503806,-0.05428614632207901
ACH-001059,0.5830466787019983,0.6345855560051442,-0.05153887730314588
